,variables,score
2,black,0.9898492893729883
3,hispanic,0.35689844292003853
8,pos75,0.24226246928184297
5,RE74,0.16072215808818022
1,education,-0.33501210502367945
4,married,-0.6209211757358649
7,pos74,-1.0289645416149324
0,age,-1.0856488559381938
6,RE75,-1.9282743734520096
