,variables,score
7,RE75,7623.332340157287
6,RE74,4092.8460722445843
2,education,1569.013246988892
9,pos75,700.4568768978633
5,married,573.9658355465899
4,hispanic,385.33286025938617
0,treatment,1.291592516015381
3,black,-189.8347686203993
1,age,-962.3409814425271
8,pos74,-1013.3882488645182
