,variables,score
7,pos74,0.2502485844362358
2,black,0.1869421969003649
5,RE74,0.1686303341714264
6,RE75,0.14922402738860563
4,married,0.10496139225771546
1,education,0.06741057819456936
0,age,0.056082864863076363
8,pos75,0.008991054532713549
3,hispanic,0.007508967255292478
