,variables,score
7,RE75,0.8042242690625561
6,RE74,0.1943191698575332
8,pos74,0.0014565610799107927
0,treatment,0.0
1,age,0.0
2,education,0.0
3,black,0.0
4,hispanic,0.0
5,married,0.0
9,pos75,0.0
